Date registered,Name,Last Name,Email,Phone number,Address,Emergency Contact Name,Emergency Contact Phone Number ,Date of Birth (dd/mm/yy)
16/11/2024 12:52:51,Alex,Murphy,member001@example.invalid,08000000001,"1 Example Grove
Knocklyon, D16",Pat Murphy / Sam Lee,08000000002 / +353 80 000 0003,29/07/1993
16/11/2024 13:03:28,Jordan,OBrien,member002@example.invalid,08000000004,"2 Sample Road, D08XX00",Casey OBrien,08000000005,18/07/1991
16/11/2024 13:08:09,Taylor,Walsh,member003@example.invalid,08000000006,Tallaght,Riley Walsh,08000000007,11/10/1991
16/11/2024 13:08:45,Morgan,Hayes,member004@example.invalid,08000000008,Miskaun Glebe Example Town,Jamie Hayes,08000000009,18/05/1998
16/11/2024 13:14:02,Casey,Doyle,member005@example.invalid,08000000010,"10 Demo Terrace
Clonskeagh",Avery Doyle,+353 80 000 0011,10/10/1994
16/11/2024 14:11:45,Riley,Costa,member006@example.invalid,+353800000012,"Example Street 40, 81245 Sample City",Sky Costa,+353800000013,30/08/1992
16/11/2024 14:16:38,Sky,Novak,member007@example.invalid,+447000000014,,River Novak,+447000000015,17/01/1998
16/11/2024 14:27:26,River,Patel,member008@example.invalid,353800000016,D09H7N5,Sage Patel,353800000017,1/02/1999
17/11/2024 15:12:06,Sage,Lynch,member009@example.invalid,08000000018,"43 The View, Sample Woods, Newbridge, Co. Kildare",Quinn Lynch,08000000019,10/07/1987
17/11/2024 18:41:59,Quinn,Brennan,member010@example.invalid,08000000020,,Reese Brennan,08000000021,2/11/1992
17/11/2024 20:32:26,Reese,Khan,member011@example.invalid,08000000022,"Sample Town, Drumshanbo, Co Leitrim, N41HN96",Drew Khan,08000000023,7/08/1992
27/11/2024 19:00:28,Drew,Santos,member012@example.invalid,+353 80 000 0024,,Blake Santos,+54 9 000 000-0000,11/06/1989
7/12/2024 13:55:10,Blake,Reed,member013@example.invalid,08000000025,,Cameron Reed,+1 800 555 0199,
13/12/2024 11:03:36,Cameron,Quinn,member014@example.invalid,08000000026,,Dana Quinn,08000000027,13/05/1997
10/01/2025 9:17:20,Dana,Frost,member015@example.invalid,08000000028,D09K259,Eden Frost,080 000 00029,20/09/1995
